{
    "njets_boosted": {
        "mean": 3.5342750015503186,
        "std": 1.5219896322399877
    },
    "nbtag_boosted": {
        "mean": 1.4854820750761508,
        "std": 0.6224311282837489
    },
    "nfatjets_boosted": {
        "mean": 1.5906964216792867,
        "std": 0.7844083001915212
    },
    "boosted_pt_1": {
        "mean": 173.77784250500326,
        "std": 162.87002228007609
    },
    "boosted_pt_2": {
        "mean": 215.26560678836128,
        "std": 180.76869067734506
    },
    "boosted_eta_1": {
        "mean": -0.0019380548276744852,
        "std": 0.8014957990168506
    },
    "boosted_eta_2": {
        "mean": -0.0021877823300264854,
        "std": 0.8024002883034221
    },
    "boosted_deltaR_ditaupair": {
        "mean": 0.4471893979330722,
        "std": 0.191016328434145
    },
    "boosted_m_vis": {
        "mean": 64.8854805431708,
        "std": 41.191653196705936
    },
    "boosted_m_fastmtt": {
        "mean": 109.28120307003628,
        "std": 71.77987922635468
    },
    "boosted_pt_fastmtt": {
        "mean": 704.9199207300361,
        "std": 407.22307474799595
    },
    "boosted_eta_fastmtt": {
        "mean": -0.0018884010458204451,
        "std": 0.7976401842766264
    },
    "bpair_pt_1_boosted": {
        "mean": 591.4761217148292,
        "std": 400.426850506451
    },
    "bpair_eta_1_boosted": {
        "mean": -0.1871032052285184,
        "std": 1.6031124309479872
    },
    "bpair_btag_value_1_boosted": {
        "mean": 0.6319860283635726,
        "std": 1.4757417374794557
    },
    "bpair_pt_2_boosted": {
        "mean": 218.39657947207084,
        "std": 259.24848630646215
    },
    "bpair_eta_2_boosted": {
        "mean": -0.6960803294460681,
        "std": 2.843161829262719
    },
    "bpair_btag_value_2_boosted": {
        "mean": -0.2931862587059207,
        "std": 2.683659314854085
    },
    "bpair_m_inv_boosted": {
        "mean": 574.4907376969688,
        "std": 574.6817652085393
    },
    "bpair_deltaR_boosted": {
        "mean": 1.0516405923548129,
        "std": 3.190151799759375
    },
    "bpair_pt_dijet_boosted": {
        "mean": 611.423806483704,
        "std": 411.85024980683295
    },
    "fj_Xbb_pt_boosted": {
        "mean": 677.1123255935732,
        "std": 410.19683306922485
    },
    "fj_Xbb_eta_boosted": {
        "mean": -0.23771516178895682,
        "std": 1.7518150086391824
    },
    "fj_Xbb_msoftdrop_boosted": {
        "mean": 80.60204124449925,
        "std": 86.07101343130311
    },
    "fj_Xbb_nsubjettiness_2over1_boosted": {
        "mean": 0.2563318006849859,
        "std": 1.6139264204250392
    },
    "met_boosted": {
        "mean": 334.7474678781171,
        "std": 279.00247346590874
    },
    "boosted_mass_tautaubb": {
        "mean": 1712.6420785045814,
        "std": 1040.5581073230992
    },
    "boosted_pt_tautaubb": {
        "mean": 197.80973971598866,
        "std": 242.25820699838403
    },
    "kinfit_mX_boosted": {
        "mean": 1527.19548670072,
        "std": 1200.5727935518269
    },
    "kinfit_mY_boosted": {
        "mean": 479.3792904829788,
        "std": 565.1403967999719
    },
    "kinfit_chi2_boosted": {
        "mean": 238.36547325779625,
        "std": 392.80744146408273
    },
    "boosted_mt_1": {
        "mean": 47.12074577242775,
        "std": 85.84110066397517
    }
}