{
    "njets_boosted": {
        "mean": 3.534269132511385,
        "std": 1.5227182481765444
    },
    "nbtag_boosted": {
        "mean": 1.4863776889185087,
        "std": 0.6221633174435314
    },
    "nfatjets_boosted": {
        "mean": 1.5926033914621052,
        "std": 0.7855461322237727
    },
    "boosted_pt_1": {
        "mean": 173.63749505144403,
        "std": 162.6224185928562
    },
    "boosted_pt_2": {
        "mean": 215.2822112772394,
        "std": 180.39640221568564
    },
    "boosted_eta_1": {
        "mean": -0.002255917653442541,
        "std": 0.8006667044491816
    },
    "boosted_eta_2": {
        "mean": -0.0024713915295665576,
        "std": 0.8015544084670252
    },
    "boosted_deltaR_ditaupair": {
        "mean": 0.4470404973995176,
        "std": 0.1909676116977178
    },
    "boosted_m_vis": {
        "mean": 64.8440756693217,
        "std": 41.08042644253394
    },
    "boosted_m_fastmtt": {
        "mean": 109.34179543951342,
        "std": 71.94771003361986
    },
    "boosted_pt_fastmtt": {
        "mean": 705.1320624381337,
        "std": 407.29804801378424
    },
    "boosted_eta_fastmtt": {
        "mean": -0.002424020727961013,
        "std": 0.7965680342050722
    },
    "bpair_pt_1_boosted": {
        "mean": 592.0854290646595,
        "std": 400.6222783686807
    },
    "bpair_eta_1_boosted": {
        "mean": -0.18431614700779614,
        "std": 1.5958456764354927
    },
    "bpair_btag_value_1_boosted": {
        "mean": 0.6343939667951395,
        "std": 1.4666212361232047
    },
    "bpair_pt_2_boosted": {
        "mean": 218.61585833363347,
        "std": 259.036957947602
    },
    "bpair_eta_2_boosted": {
        "mean": -0.691403911473667,
        "std": 2.8395499536708395
    },
    "bpair_btag_value_2_boosted": {
        "mean": -0.2894332630375048,
        "std": 2.678363784614196
    },
    "bpair_m_inv_boosted": {
        "mean": 575.7279418754536,
        "std": 575.0487017520803
    },
    "bpair_deltaR_boosted": {
        "mean": 1.0572913621529771,
        "std": 3.1855131038478945
    },
    "bpair_pt_dijet_boosted": {
        "mean": 611.8609502493694,
        "std": 412.0620622526611
    },
    "fj_Xbb_pt_boosted": {
        "mean": 677.5584129769074,
        "std": 410.94599876505805
    },
    "fj_Xbb_eta_boosted": {
        "mean": -0.23662895254443447,
        "std": 1.7523129675964573
    },
    "fj_Xbb_msoftdrop_boosted": {
        "mean": 80.63126058101898,
        "std": 86.03039771259185
    },
    "fj_Xbb_nsubjettiness_2over1_boosted": {
        "mean": 0.25633681505889916,
        "std": 1.613553159561551
    },
    "met_boosted": {
        "mean": 335.04735720587433,
        "std": 278.8972138214382
    },
    "boosted_mass_tautaubb": {
        "mean": 1713.949392067336,
        "std": 1040.8192092411973
    },
    "boosted_pt_tautaubb": {
        "mean": 198.57655581430836,
        "std": 243.70512889420343
    },
    "kinfit_mX_boosted": {
        "mean": 1529.163695650469,
        "std": 1199.8057203366811
    },
    "kinfit_mY_boosted": {
        "mean": 481.0691667142794,
        "std": 566.2472689291427
    },
    "kinfit_chi2_boosted": {
        "mean": 237.45941546111845,
        "std": 392.1526297710845
    },
    "boosted_mt_1": {
        "mean": 46.97543357899191,
        "std": 85.50566802874242
    }
}