{
    "njets": {
        "mean": 3.3334496547017802,
        "std": 1.4220832481309402
    },
    "nbtag": {
        "mean": 1.541431556506806,
        "std": 0.6019764564881785
    },
    "nfatjets": {
        "mean": 1.149249480431221,
        "std": 0.892097220659031
    },
    "pt_1": {
        "mean": 133.8526183692094,
        "std": 153.8011050856611
    },
    "pt_2": {
        "mean": 151.62090962910708,
        "std": 192.5405524958457
    },
    "eta_1": {
        "mean": -0.0013356342113824183,
        "std": 0.9524444539786476
    },
    "eta_2": {
        "mean": -0.0023894136906264228,
        "std": 0.963439587681204
    },
    "deltaR_ditaupair": {
        "mean": 1.6024468428893197,
        "std": 0.9068243150103293
    },
    "m_vis": {
        "mean": 192.88187654378544,
        "std": 255.7550039610281
    },
    "m_fastmtt": {
        "mean": 347.7526312850631,
        "std": 463.67091229829043
    },
    "pt_fastmtt": {
        "mean": 384.85321573961727,
        "std": 331.2397888918851
    },
    "eta_fastmtt": {
        "mean": -0.0015010112651970104,
        "std": 1.1559810441300649
    },
    "bpair_pt_1": {
        "mean": 364.46308671533166,
        "std": 339.00479375228076
    },
    "bpair_eta_1": {
        "mean": -0.1209260639633669,
        "std": 1.4874031768242566
    },
    "bpair_btag_value_1": {
        "mean": 0.7137114353838213,
        "std": 1.1987966053404027
    },
    "bpair_pt_2": {
        "mean": 156.42313351754092,
        "std": 193.3343140026484
    },
    "bpair_eta_2": {
        "mean": -0.42376105004780307,
        "std": 2.3759495424211083
    },
    "bpair_btag_value_2": {
        "mean": 0.024709307780781033,
        "std": 2.145888188429254
    },
    "bpair_m_inv": {
        "mean": 414.8840906946585,
        "std": 510.75975607339524
    },
    "bpair_deltaR": {
        "mean": 1.4686538803029727,
        "std": 2.6306725645295015
    },
    "bpair_pt_dijet": {
        "mean": 357.8910589422693,
        "std": 320.31068543631363
    },
    "fj_Xbb_pt": {
        "mean": 400.0931705530457,
        "std": 374.1061821259407
    },
    "fj_Xbb_eta": {
        "mean": -2.469327088807575,
        "std": 4.399768254420603
    },
    "fj_Xbb_msoftdrop": {
        "mean": 49.57059956674704,
        "std": 66.93989980807149
    },
    "fj_Xbb_nsubjettiness_2over1": {
        "mean": -2.079292173033736,
        "std": 4.54084365419825
    },
    "met": {
        "mean": 221.44067078253252,
        "std": 225.59095645676726
    },
    "mass_tautaubb": {
        "mean": 1227.022827098487,
        "std": 922.8287896067495
    },
    "pt_tautaubb": {
        "mean": 145.4382358898777,
        "std": 179.62668112576546
    },
    "kinfit_mX": {
        "mean": 910.4132207567687,
        "std": 865.9240922260233
    },
    "kinfit_mY": {
        "mean": 407.8002668683534,
        "std": 578.2401666652062
    },
    "kinfit_chi2": {
        "mean": 233.7790343197998,
        "std": 408.22030734924545
    },
    "mt_1": {
        "mean": 67.60783458819229,
        "std": 106.45447671249322
    }
}