{
    "njets": {
        "mean": 3.330688688609651,
        "std": 1.4213410896277636
    },
    "nbtag": {
        "mean": 1.5417458603108716,
        "std": 0.6017932645150759
    },
    "nfatjets": {
        "mean": 1.1484704581857559,
        "std": 0.8911354892973717
    },
    "pt_1": {
        "mean": 133.59818102889906,
        "std": 153.1481347200445
    },
    "pt_2": {
        "mean": 151.62589192458617,
        "std": 192.4834521655192
    },
    "eta_1": {
        "mean": -0.0016077413473404771,
        "std": 0.9524908244061087
    },
    "eta_2": {
        "mean": -0.0009068480855920432,
        "std": 0.962422024415671
    },
    "deltaR_ditaupair": {
        "mean": 1.604607210826183,
        "std": 0.907685422116189
    },
    "m_vis": {
        "mean": 193.0231319590655,
        "std": 255.61357189747048
    },
    "m_fastmtt": {
        "mean": 348.3684914041927,
        "std": 465.8841317193942
    },
    "pt_fastmtt": {
        "mean": 384.0790677860115,
        "std": 330.1812310929714
    },
    "eta_fastmtt": {
        "mean": -0.00039953530564537643,
        "std": 1.155402474234819
    },
    "bpair_pt_1": {
        "mean": 364.37529816394397,
        "std": 338.69614171239135
    },
    "bpair_eta_1": {
        "mean": -0.12219138818429001,
        "std": 1.487905851694872
    },
    "bpair_btag_value_1": {
        "mean": 0.7134186640581158,
        "std": 1.1997195920264871
    },
    "bpair_pt_2": {
        "mean": 156.39811343501913,
        "std": 193.09769968752101
    },
    "bpair_eta_2": {
        "mean": -0.4243646021728933,
        "std": 2.37547122496436
    },
    "bpair_btag_value_2": {
        "mean": 0.02449061415704122,
        "std": 2.1462712337631364
    },
    "bpair_m_inv": {
        "mean": 415.1458788074609,
        "std": 510.52290472512743
    },
    "bpair_deltaR": {
        "mean": 1.4686306288892073,
        "std": 2.6307606746072394
    },
    "bpair_pt_dijet": {
        "mean": 357.4757805049264,
        "std": 319.7102698301185
    },
    "fj_Xbb_pt": {
        "mean": 399.8364773824487,
        "std": 373.5654128262637
    },
    "fj_Xbb_eta": {
        "mean": -2.4736014501885806,
        "std": 4.400464655820708
    },
    "fj_Xbb_msoftdrop": {
        "mean": 49.41956042725049,
        "std": 66.63232837982146
    },
    "fj_Xbb_nsubjettiness_2over1": {
        "mean": -2.0820533178466616,
        "std": 4.542714920074325
    },
    "met": {
        "mean": 221.3205854066818,
        "std": 225.12668410506157
    },
    "mass_tautaubb": {
        "mean": 1226.3742971234349,
        "std": 922.5878295268423
    },
    "pt_tautaubb": {
        "mean": 145.22325529639804,
        "std": 179.23556685773391
    },
    "kinfit_mX": {
        "mean": 910.559088313448,
        "std": 868.770812037013
    },
    "kinfit_mY": {
        "mean": 408.96473747836205,
        "std": 583.5280685331787
    },
    "kinfit_chi2": {
        "mean": 233.52868889579943,
        "std": 408.10858797118226
    },
    "mt_1": {
        "mean": 67.78085871128165,
        "std": 106.92777958058207
    }
}